Name,Title,Email
Richard J. Davidson,Professor of Psychology and Psychiatry,
Patricia Devine,Professor of Psychology,
Joseph A. Newman,Professor of Psychology,
Jenny Saffran,Professor of Psychology,
Seth Pollak,College of Letters & Science Distinguished Professor of Psychology,
Martha Alibali,Professor of Psychology,
Judith Harackiewicz,Professor of Psychology,
Goldie (Goldine) Gleser,Professor of Psychology,
Charles Snowdon,Professor Emeritus of Psychology,
Ned Kalin,Professor of Psychiatry and Psychology,
